,0
0," Altavista # 25, San Ángel01000 Álvaro Obregón, DF. México¿Cómo llegar?
 Teléfono: (55) 5616 9002, (55) 5550 2583
Horario:Lunes a jueves 10:30AM - 8:30PMViernes 10:30AM - 8:00PMSábado 10:30AM - 8:30PMDomingo 11:00AM - 7:00PM"
1," Anillo Vial Fray Junípero Serra 7901Santiago Queretaro, C.P. 76146¿Cómo llegar?
 Teléfono: 442-193-7240
Horario:Lunes a domingo 11:00AM - 9:00PM"
2," Plaza Malecón AméricasAv. Bonampak SM 6 MZ 1 LT 177500 Cancún, Q ROO. México¿Cómo llegar?
 Teléfono: (99) 8889 9653, (99) 8982 2350
Horario:Lunes a jueves 10:30AM - 8:30PMViernes 10:30AM - 8:00PMSábado 10:30AM - 8:30PMDomingo 11:00AM - 7:00PM"
3," Centro Comercial InterlomasBlvd Interlomas 5, Lomas Anáhuac52760 Huixquilucan de Degollado, MEX. México¿Cómo llegar?
 Teléfono: (55) 5290 7785, (55) 5247 7196
Horario:Lunes a jueves 10:30AM - 8:30PMViernes 10:30AM - 8:00PMSábado 10:30AM - 8:30PMDomingo 11:00AM - 7:00PM"
4," Paseo Interlomas OUTDOORVialidad de La Barranca 6Bosque de las Palmas52787 Huixquilucan, MEX. México¿Cómo llegar?
 Teléfono: (55) 21558550
Horario:Lunes a jueves 10:30AM - 8:30PMViernes 10:30AM - 8:00PMSábado 10:30AM - 8:30PMDomingo 11:00AM - 7:00PM"
5,"La Isla Angelópolis Osa Mayor 2902Interior 11Concepción De La Cruz, Heroica Puebla de Zaragoza¿Cómo llegar?
 Teléfono: 222 290 3859 222 688 7387
Horario:Lunes a sábado 10:30AM - 8:30PMDomingo 11:00AM - 7:00PM"
6," Paseo InterlomasLocales APB-20 y APB-21Vialidad de La Barranca 6Bosque de las Palmas52787 Huixquilucan, MEX. México¿Cómo llegar?
 
 Teléfono: (55) 5245 0249
Horario:Lunes a domingo 11:00AM - 9:00PM"
7," Homero #812, Polanco11570 Miguel Hidalgo, DF. México¿Cómo llegar?
 Teléfono: (55) 5280 2707, (55) 5282 2129
Horario:Lunes a jueves 10:30AM - 8:30PMViernes 10:30AM - 8:00PMSábado 10:30AM - 8:30PMDomingo 11:00AM - 7:00PM"
8," Prado Norte # 470Col. Lomas de Chapultepec Delegación Miguel Hidalgo11000 México, DF, México¿Cómo llegar?
 Teléfono: (55) 5202 0259, (55) 2623 0675
Horario:Lunes a viernes 10:30AM - 8:30PMSábado 10:30AM - 8:30PMDomingo 10:30AM - 7:00PM"
9," Centro Comercial Santa FeAv. Vasco de Quiroga Segundo Nivel, L-152005109 Cuajimalpa, DF, México¿Cómo llegar?
 Teléfono: (55) 2167 8566, (55) 2167 4242
Horario:Lunes a domingo 11:00AM - 9:00PM"
10," Circuitos Cirujanos 7, Ciudad Satélite53100 Ciudad Satélite,MEX. México¿Cómo llegar?
 Teléfono: (55) 5393 4035, (55) 5393 3955
Horario:Lunes a jueves 10:30AM - 8:30PMViernes 10:30AM - 8:00PMSábado 10:30AM - 8:30PMDomingo 11:00AM - 7:00PM
"
